{"mtx": [[627.2839475395182, 0.0, 295.0153571445745], [0.0, 630.6046803340988, 237.10098847214766], [0.0, 0.0, 1.0]], "dist": [[0.020436355102596344, -0.11407839179793304, 0.004229887050454093, -0.01709654130034178, 0.13991605472148272]]}